<?xml version="1.0" encoding="UTF-8"?>
<Document xmlns="urn:iso:std:iso:20022:tech:xsd:pain.008.001.02" xmlns:xsi="http://www.w3.org/2001/XMLSchema-intance"><CstmrDrctDbtInitn><GrpHdr><MsgId>300520144448-bf36efe80cce</MsgId><CreDtTm>2014-05-30T14:48:44+02:00</CreDtTm><NbOfTxs>100</NbOfTxs><CtrlSum>51.63</CtrlSum><InitgPty><Nm>xleeuwx</Nm></InitgPty></GrpHdr><PmtInf><PmtInfId>xleeuwx-52ea1c672cd0</PmtInfId><PmtMtd>DD</PmtMtd><BtchBookg>true</BtchBookg><NbOfTxs>100</NbOfTxs><CtrlSum>51.63</CtrlSum><PmtTpInf><SvcLvl><Cd>SEPA</Cd></SvcLvl><LclInstrm><Cd>CORE</Cd></LclInstrm><SeqTp>FRST</SeqTp></PmtTpInf><ReqdColltnDt>2014-05-30</ReqdColltnDt><Cdtr><Nm>xleeuwx</Nm></Cdtr><CdtrAcct><Id><IBAN>NL24RABO0123456789</IBAN></Id></CdtrAcct><CdtrAgt><FinInstnId><BIC>RABONL2U</BIC></FinInstnId></CdtrAgt><ChrgBr>SLEV</ChrgBr><CdtrSchmeId><Nm>xleeuwx</Nm><Id><PrvtId><Othr><Id>00000</Id><SchmeNm><Prtry>SEPA</Prtry></SchmeNm></Othr></PrvtId></Id></CdtrSchmeId><DrctDbtTxInf><PmtId><EndToEndId>xleeuwx-058db3d1514f</EndToEndId></PmtId><InstdAmt Ccy="EUR">0.56</InstdAmt><DrctDbtTx><MndtRltdInf><MndtId>3764</MndtId><DtOfSgntr>2014-05-30</DtOfSgntr></MndtRltdInf></DrctDbtTx><DbtrAgt><FinInstnId><BIC>AMTSNL2AXXX</BIC></FinInstnId></DbtrAgt><Dbtr><Nm>Stephen Bonner</Nm></Dbtr><DbtrAcct><Id><IBAN>NL77AMTS0418676758</IBAN></Id></DbtrAcct><RmtInf><Ustrd>Automatische Betaling</Ustrd></RmtInf></DrctDbtTxInf><DrctDbtTxInf><PmtId><EndToEndId>xleeuwx-affc20a3769b</EndToEndId></PmtId><InstdAmt Ccy="EUR">0.46</InstdAmt><DrctDbtTx><MndtRltdInf><MndtId>6575</MndtId><DtOfSgntr>2014-05-30</DtOfSgntr></MndtRltdInf></DrctDbtTx><DbtrAgt><FinInstnId><BIC>JBBRDEFFXXX</BIC></FinInstnId></DbtrAgt><Dbtr><Nm>Aquila Ashley</Nm></Dbtr><DbtrAcct><Id><IBAN>NL26JBBR0228918457</IBAN></Id></DbtrAcct><RmtInf><Ustrd>Automatische Betaling</Ustrd></RmtInf></DrctDbtTxInf><DrctDbtTxInf><PmtId><EndToEndId>xleeuwx-fe6725998a1d</EndToEndId></PmtId><InstdAmt Ccy="EUR">0.26</InstdAmt><DrctDbtTx><MndtRltdInf><MndtId>8214</MndtId><DtOfSgntr>2014-05-30</DtOfSgntr></MndtRltdInf></DrctDbtTx><DbtrAgt><FinInstnId><BIC>CGGVNL2AXXX</BIC></FinInstnId></DbtrAgt><Dbtr><Nm>Keegan Hartman</Nm></Dbtr><DbtrAcct><Id><IBAN>NL46CGGV0395043946</IBAN></Id></DbtrAcct><RmtInf><Ustrd>Automatische Betaling</Ustrd></RmtInf></DrctDbtTxInf><DrctDbtTxInf><PmtId><EndToEndId>xleeuwx-e95baa79c816</EndToEndId></PmtId><InstdAmt Ccy="EUR">0.58</InstdAmt><DrctDbtTx><MndtRltdInf><MndtId>3765</MndtId><DtOfSgntr>2014-05-30</DtOfSgntr></MndtRltdInf></DrctDbtTx><DbtrAgt><FinInstnId><BIC>DLIMNL2AXXX</BIC></FinInstnId></DbtrAgt><Dbtr><Nm>Cassidy Witt</Nm></Dbtr><DbtrAcct><Id><IBAN>NL37DLIM0308605957</IBAN></Id></DbtrAcct><RmtInf><Ustrd>Automatische Betaling</Ustrd></RmtInf></DrctDbtTxInf><DrctDbtTxInf><PmtId><EndToEndId>xleeuwx-73b90d3a894a</EndToEndId></PmtId><InstdAmt Ccy="EUR">0.91</InstdAmt><DrctDbtTx><MndtRltdInf><MndtId>4794</MndtId><DtOfSgntr>2014-05-30</DtOfSgntr></MndtRltdInf></DrctDbtTx><DbtrAgt><FinInstnId><BIC>ABPTNL2HAAA</BIC></FinInstnId></DbtrAgt><Dbtr><Nm>Derek Noel</Nm></Dbtr><DbtrAcct><Id><IBAN>NL69ABPT0208105469</IBAN></Id></DbtrAcct><RmtInf><Ustrd>Automatische Betaling</Ustrd></RmtInf></DrctDbtTxInf><DrctDbtTxInf><PmtId><EndToEndId>xleeuwx-5c94c74d1308</EndToEndId></PmtId><InstdAmt Ccy="EUR">0.93</InstdAmt><DrctDbtTx><MndtRltdInf><MndtId>4022</MndtId><DtOfSgntr>2014-05-30</DtOfSgntr></MndtRltdInf></DrctDbtTx><DbtrAgt><FinInstnId><BIC>SBNLNL2AXXX</BIC></FinInstnId></DbtrAgt><Dbtr><Nm>Dieter Delgado</Nm></Dbtr><DbtrAcct><Id><IBAN>NL49SBNL0220861816</IBAN></Id></DbtrAcct><RmtInf><Ustrd>Automatische Betaling</Ustrd></RmtInf></DrctDbtTxInf><DrctDbtTxInf><PmtId><EndToEndId>xleeuwx-63c9e7cb76f0</EndToEndId></PmtId><InstdAmt Ccy="EUR">0.35</InstdAmt><DrctDbtTx><MndtRltdInf><MndtId>8416</MndtId><DtOfSgntr>2014-05-30</DtOfSgntr></MndtRltdInf></DrctDbtTx><DbtrAgt><FinInstnId><BIC>FLORNL2AAMD</BIC></FinInstnId></DbtrAgt><Dbtr><Nm>Marshall Mcclain</Nm></Dbtr><DbtrAcct><Id><IBAN>NL73FLOR0110888671</IBAN></Id></DbtrAcct><RmtInf><Ustrd>Automatische Betaling</Ustrd></RmtInf></DrctDbtTxInf><DrctDbtTxInf><PmtId><EndToEndId>xleeuwx-bedb37d81d9a</EndToEndId></PmtId><InstdAmt Ccy="EUR">0.14</InstdAmt><DrctDbtTx><MndtRltdInf><MndtId>4553</MndtId><DtOfSgntr>2014-05-30</DtOfSgntr></MndtRltdInf></DrctDbtTx><DbtrAgt><FinInstnId><BIC>LOCYBEBBNDP</BIC></FinInstnId></DbtrAgt><Dbtr><Nm>Linda Oneill</Nm></Dbtr><DbtrAcct><Id><IBAN>NL77LOCY0278771973</IBAN></Id></DbtrAcct><RmtInf><Ustrd>Automatische Betaling</Ustrd></RmtInf></DrctDbtTxInf><DrctDbtTxInf><PmtId><EndToEndId>xleeuwx-98cba1b3a86b</EndToEndId></PmtId><InstdAmt Ccy="EUR">0.11</InstdAmt><DrctDbtTx><MndtRltdInf><MndtId>646</MndtId><DtOfSgntr>2014-05-30</DtOfSgntr></MndtRltdInf></DrctDbtTx><DbtrAgt><FinInstnId><BIC>INNDNL2UDDE</BIC></FinInstnId></DbtrAgt><Dbtr><Nm>Rashad Blackburn</Nm></Dbtr><DbtrAcct><Id><IBAN>NL78INND0234790039</IBAN></Id></DbtrAcct><RmtInf><Ustrd>Automatische Betaling</Ustrd></RmtInf></DrctDbtTxInf><DrctDbtTxInf><PmtId><EndToEndId>xleeuwx-745218de56c6</EndToEndId></PmtId><InstdAmt Ccy="EUR">0.64</InstdAmt><DrctDbtTx><MndtRltdInf><MndtId>9097</MndtId><DtOfSgntr>2014-05-30</DtOfSgntr></MndtRltdInf></DrctDbtTx><DbtrAgt><FinInstnId><BIC>SOGECN22BJG</BIC></FinInstnId></DbtrAgt><Dbtr><Nm>Ignacia Levine</Nm></Dbtr><DbtrAcct><Id><IBAN>NL81SOGE0227355957</IBAN></Id></DbtrAcct><RmtInf><Ustrd>Automatische Betaling</Ustrd></RmtInf></DrctDbtTxInf><DrctDbtTxInf><PmtId><EndToEndId>xleeuwx-79a37ff50ad2</EndToEndId></PmtId><InstdAmt Ccy="EUR">0.35</InstdAmt><DrctDbtTx><MndtRltdInf><MndtId>3957</MndtId><DtOfSgntr>2014-05-30</DtOfSgntr></MndtRltdInf></DrctDbtTx><DbtrAgt><FinInstnId><BIC>NECINL2AFEN</BIC></FinInstnId></DbtrAgt><Dbtr><Nm>Fletcher Lamb</Nm></Dbtr><DbtrAcct><Id><IBAN>NL74NECI0123779296</IBAN></Id></DbtrAcct><RmtInf><Ustrd>Automatische Betaling</Ustrd></RmtInf></DrctDbtTxInf><DrctDbtTxInf><PmtId><EndToEndId>xleeuwx-91c55042b51a</EndToEndId></PmtId><InstdAmt Ccy="EUR">0.20</InstdAmt><DrctDbtTx><MndtRltdInf><MndtId>3171</MndtId><DtOfSgntr>2014-05-30</DtOfSgntr></MndtRltdInf></DrctDbtTx><DbtrAgt><FinInstnId><BIC>ABNABEBRANT</BIC></FinInstnId></DbtrAgt><Dbtr><Nm>Callie Duffy</Nm></Dbtr><DbtrAcct><Id><IBAN>NL19ABNA0205114746</IBAN></Id></DbtrAcct><RmtInf><Ustrd>Automatische Betaling</Ustrd></RmtInf></DrctDbtTxInf><DrctDbtTxInf><PmtId><EndToEndId>xleeuwx-14d6a873cc0b</EndToEndId></PmtId><InstdAmt Ccy="EUR">0.92</InstdAmt><DrctDbtTx><MndtRltdInf><MndtId>1977</MndtId><DtOfSgntr>2014-05-30</DtOfSgntr></MndtRltdInf></DrctDbtTx><DbtrAgt><FinInstnId><BIC>FLORNL2AAMD</BIC></FinInstnId></DbtrAgt><Dbtr><Nm>Lacy Parker</Nm></Dbtr><DbtrAcct><Id><IBAN>NL17FLOR0288452148</IBAN></Id></DbtrAcct><RmtInf><Ustrd>Automatische Betaling</Ustrd></RmtInf></DrctDbtTxInf><DrctDbtTxInf><PmtId><EndToEndId>xleeuwx-34119488b8c9</EndToEndId></PmtId><InstdAmt Ccy="EUR">0.36</InstdAmt><DrctDbtTx><MndtRltdInf><MndtId>6329</MndtId><DtOfSgntr>2014-05-30</DtOfSgntr></MndtRltdInf></DrctDbtTx><DbtrAgt><FinInstnId><BIC>OVBNNL22XXX</BIC></FinInstnId></DbtrAgt><Dbtr><Nm>Hiroko Curry</Nm></Dbtr><DbtrAcct><Id><IBAN>NL87OVBN0322668457</IBAN></Id></DbtrAcct><RmtInf><Ustrd>Automatische Betaling</Ustrd></RmtInf></DrctDbtTxInf><DrctDbtTxInf><PmtId><EndToEndId>xleeuwx-d8e36bf2f3fa</EndToEndId></PmtId><InstdAmt Ccy="EUR">0.12</InstdAmt><DrctDbtTx><MndtRltdInf><MndtId>2741</MndtId><DtOfSgntr>2014-05-30</DtOfSgntr></MndtRltdInf></DrctDbtTx><DbtrAgt><FinInstnId><BIC>DLBKNL2AXXX</BIC></FinInstnId></DbtrAgt><Dbtr><Nm>Dahlia Bass</Nm></Dbtr><DbtrAcct><Id><IBAN>NL75DLBK0100195312</IBAN></Id></DbtrAcct><RmtInf><Ustrd>Automatische Betaling</Ustrd></RmtInf></DrctDbtTxInf><DrctDbtTxInf><PmtId><EndToEndId>xleeuwx-0c3247ce8d92</EndToEndId></PmtId><InstdAmt Ccy="EUR">0.66</InstdAmt><DrctDbtTx><MndtRltdInf><MndtId>3401</MndtId><DtOfSgntr>2014-05-30</DtOfSgntr></MndtRltdInf></DrctDbtTx><DbtrAgt><FinInstnId><BIC>SCRTNL2AXXX</BIC></FinInstnId></DbtrAgt><Dbtr><Nm>Brennan Neal</Nm></Dbtr><DbtrAcct><Id><IBAN>NL10SCRT0161975097</IBAN></Id></DbtrAcct><RmtInf><Ustrd>Automatische Betaling</Ustrd></RmtInf></DrctDbtTxInf><DrctDbtTxInf><PmtId><EndToEndId>xleeuwx-2239dd9858ca</EndToEndId></PmtId><InstdAmt Ccy="EUR">0.49</InstdAmt><DrctDbtTx><MndtRltdInf><MndtId>2942</MndtId><DtOfSgntr>2014-05-30</DtOfSgntr></MndtRltdInf></DrctDbtTx><DbtrAgt><FinInstnId><BIC>INGBCNSHXXX</BIC></FinInstnId></DbtrAgt><Dbtr><Nm>Yuli Fletcher</Nm></Dbtr><DbtrAcct><Id><IBAN>NL60INGB0404663086</IBAN></Id></DbtrAcct><RmtInf><Ustrd>Automatische Betaling</Ustrd></RmtInf></DrctDbtTxInf><DrctDbtTxInf><PmtId><EndToEndId>xleeuwx-f7c491b14898</EndToEndId></PmtId><InstdAmt Ccy="EUR">0.95</InstdAmt><DrctDbtTx><MndtRltdInf><MndtId>7751</MndtId><DtOfSgntr>2014-05-30</DtOfSgntr></MndtRltdInf></DrctDbtTx><DbtrAgt><FinInstnId><BIC>AMSTNL2AXXX</BIC></FinInstnId></DbtrAgt><Dbtr><Nm>Flynn Wiley</Nm></Dbtr><DbtrAcct><Id><IBAN>NL86AMST0375598145</IBAN></Id></DbtrAcct><RmtInf><Ustrd>Automatische Betaling</Ustrd></RmtInf></DrctDbtTxInf><DrctDbtTxInf><PmtId><EndToEndId>xleeuwx-7ea2fb37e417</EndToEndId></PmtId><InstdAmt Ccy="EUR">0.11</InstdAmt><DrctDbtTx><MndtRltdInf><MndtId>7177</MndtId><DtOfSgntr>2014-05-30</DtOfSgntr></MndtRltdInf></DrctDbtTx><DbtrAgt><FinInstnId><BIC>DSSBNL22XXX</BIC></FinInstnId></DbtrAgt><Dbtr><Nm>Kyra Trujillo</Nm></Dbtr><DbtrAcct><Id><IBAN>NL13DSSB0294067383</IBAN></Id></DbtrAcct><RmtInf><Ustrd>Automatische Betaling</Ustrd></RmtInf></DrctDbtTxInf><DrctDbtTxInf><PmtId><EndToEndId>xleeuwx-37d4562e4f6e</EndToEndId></PmtId><InstdAmt Ccy="EUR">0.95</InstdAmt><DrctDbtTx><MndtRltdInf><MndtId>3523</MndtId><DtOfSgntr>2014-05-30</DtOfSgntr></MndtRltdInf></DrctDbtTx><DbtrAgt><FinInstnId><BIC>ABPTNL2HAAA</BIC></FinInstnId></DbtrAgt><Dbtr><Nm>Reece Barr</Nm></Dbtr><DbtrAcct><Id><IBAN>NL78ABPT0268078613</IBAN></Id></DbtrAcct><RmtInf><Ustrd>Automatische Betaling</Ustrd></RmtInf></DrctDbtTxInf><DrctDbtTxInf><PmtId><EndToEndId>xleeuwx-3724b4613d8b</EndToEndId></PmtId><InstdAmt Ccy="EUR">0.41</InstdAmt><DrctDbtTx><MndtRltdInf><MndtId>3199</MndtId><DtOfSgntr>2014-05-30</DtOfSgntr></MndtRltdInf></DrctDbtTx><DbtrAgt><FinInstnId><BIC>GILLNL2AXXX</BIC></FinInstnId></DbtrAgt><Dbtr><Nm>Malachi Mccray</Nm></Dbtr><DbtrAcct><Id><IBAN>NL71GILL0135156250</IBAN></Id></DbtrAcct><RmtInf><Ustrd>Automatische Betaling</Ustrd></RmtInf></DrctDbtTxInf><DrctDbtTxInf><PmtId><EndToEndId>xleeuwx-e726255e2495</EndToEndId></PmtId><InstdAmt Ccy="EUR">0.97</InstdAmt><DrctDbtTx><MndtRltdInf><MndtId>8894</MndtId><DtOfSgntr>2014-05-30</DtOfSgntr></MndtRltdInf></DrctDbtTx><DbtrAgt><FinInstnId><BIC>NFMONL2GSUB</BIC></FinInstnId></DbtrAgt><Dbtr><Nm>Dieter Potts</Nm></Dbtr><DbtrAcct><Id><IBAN>NL22NFMO0102514648</IBAN></Id></DbtrAcct><RmtInf><Ustrd>Automatische Betaling</Ustrd></RmtInf></DrctDbtTxInf><DrctDbtTxInf><PmtId><EndToEndId>xleeuwx-e91d1c138e4f</EndToEndId></PmtId><InstdAmt Ccy="EUR">0.39</InstdAmt><DrctDbtTx><MndtRltdInf><MndtId>3168</MndtId><DtOfSgntr>2014-05-30</DtOfSgntr></MndtRltdInf></DrctDbtTx><DbtrAgt><FinInstnId><BIC>INGBCNSHXXX</BIC></FinInstnId></DbtrAgt><Dbtr><Nm>Clinton Gamble</Nm></Dbtr><DbtrAcct><Id><IBAN>NL18INGB0210119629</IBAN></Id></DbtrAcct><RmtInf><Ustrd>Automatische Betaling</Ustrd></RmtInf></DrctDbtTxInf><DrctDbtTxInf><PmtId><EndToEndId>xleeuwx-af94bb2d9e9e</EndToEndId></PmtId><InstdAmt Ccy="EUR">0.13</InstdAmt><DrctDbtTx><MndtRltdInf><MndtId>7320</MndtId><DtOfSgntr>2014-05-30</DtOfSgntr></MndtRltdInf></DrctDbtTx><DbtrAgt><FinInstnId><BIC>ESESBEBBIAC</BIC></FinInstnId></DbtrAgt><Dbtr><Nm>Ina Curtis</Nm></Dbtr><DbtrAcct><Id><IBAN>NL11ESES0275415039</IBAN></Id></DbtrAcct><RmtInf><Ustrd>Automatische Betaling</Ustrd></RmtInf></DrctDbtTxInf><DrctDbtTxInf><PmtId><EndToEndId>xleeuwx-6ee381c8afc8</EndToEndId></PmtId><InstdAmt Ccy="EUR">0.90</InstdAmt><DrctDbtTx><MndtRltdInf><MndtId>7903</MndtId><DtOfSgntr>2014-05-30</DtOfSgntr></MndtRltdInf></DrctDbtTx><DbtrAgt><FinInstnId><BIC>ROCHNL22XXX</BIC></FinInstnId></DbtrAgt><Dbtr><Nm>Cadman Hendricks</Nm></Dbtr><DbtrAcct><Id><IBAN>NL83ROCH0460681153</IBAN></Id></DbtrAcct><RmtInf><Ustrd>Automatische Betaling</Ustrd></RmtInf></DrctDbtTxInf><DrctDbtTxInf><PmtId><EndToEndId>xleeuwx-14c7122e4af9</EndToEndId></PmtId><InstdAmt Ccy="EUR">0.22</InstdAmt><DrctDbtTx><MndtRltdInf><MndtId>10789</MndtId><DtOfSgntr>2014-05-30</DtOfSgntr></MndtRltdInf></DrctDbtTx><DbtrAgt><FinInstnId><BIC>RABOBE22XXX</BIC></FinInstnId></DbtrAgt><Dbtr><Nm>Lana Joyner</Nm></Dbtr><DbtrAcct><Id><IBAN>NL83RABO0328662109</IBAN></Id></DbtrAcct><RmtInf><Ustrd>Automatische Betaling</Ustrd></RmtInf></DrctDbtTxInf><DrctDbtTxInf><PmtId><EndToEndId>xleeuwx-d19c92928e1b</EndToEndId></PmtId><InstdAmt Ccy="EUR">0.14</InstdAmt><DrctDbtTx><MndtRltdInf><MndtId>4123</MndtId><DtOfSgntr>2014-05-30</DtOfSgntr></MndtRltdInf></DrctDbtTx><DbtrAgt><FinInstnId><BIC>BOTKBEBXXXX</BIC></FinInstnId></DbtrAgt><Dbtr><Nm>Laurel Mack</Nm></Dbtr><DbtrAcct><Id><IBAN>NL25BOTK0256066894</IBAN></Id></DbtrAcct><RmtInf><Ustrd>Automatische Betaling</Ustrd></RmtInf></DrctDbtTxInf><DrctDbtTxInf><PmtId><EndToEndId>xleeuwx-42a7648aaec1</EndToEndId></PmtId><InstdAmt Ccy="EUR">0.49</InstdAmt><DrctDbtTx><MndtRltdInf><MndtId>2070</MndtId><DtOfSgntr>2014-05-30</DtOfSgntr></MndtRltdInf></DrctDbtTx><DbtrAgt><FinInstnId><BIC>HBUANL2RXXX</BIC></FinInstnId></DbtrAgt><Dbtr><Nm>Brynn Monroe</Nm></Dbtr><DbtrAcct><Id><IBAN>NL58HBUA0444702149</IBAN></Id></DbtrAcct><RmtInf><Ustrd>Automatische Betaling</Ustrd></RmtInf></DrctDbtTxInf><DrctDbtTxInf><PmtId><EndToEndId>xleeuwx-4a5721476fad</EndToEndId></PmtId><InstdAmt Ccy="EUR">0.63</InstdAmt><DrctDbtTx><MndtRltdInf><MndtId>5710</MndtId><DtOfSgntr>2014-05-30</DtOfSgntr></MndtRltdInf></DrctDbtTx><DbtrAgt><FinInstnId><BIC>ARTENL2AAMS</BIC></FinInstnId></DbtrAgt><Dbtr><Nm>Xandra Chaney</Nm></Dbtr><DbtrAcct><Id><IBAN>NL48ARTE0134265136</IBAN></Id></DbtrAcct><RmtInf><Ustrd>Automatische Betaling</Ustrd></RmtInf></DrctDbtTxInf><DrctDbtTxInf><PmtId><EndToEndId>xleeuwx-9449bdca02b7</EndToEndId></PmtId><InstdAmt Ccy="EUR">0.37</InstdAmt><DrctDbtTx><MndtRltdInf><MndtId>8967</MndtId><DtOfSgntr>2014-05-30</DtOfSgntr></MndtRltdInf></DrctDbtTx><DbtrAgt><FinInstnId><BIC>DEUTBEBEANT</BIC></FinInstnId></DbtrAgt><Dbtr><Nm>Bernard Galloway</Nm></Dbtr><DbtrAcct><Id><IBAN>NL32DEUT0212231445</IBAN></Id></DbtrAcct><RmtInf><Ustrd>Automatische Betaling</Ustrd></RmtInf></DrctDbtTxInf><DrctDbtTxInf><PmtId><EndToEndId>xleeuwx-052050007042</EndToEndId></PmtId><InstdAmt Ccy="EUR">0.86</InstdAmt><DrctDbtTx><MndtRltdInf><MndtId>6947</MndtId><DtOfSgntr>2014-05-30</DtOfSgntr></MndtRltdInf></DrctDbtTx><DbtrAgt><FinInstnId><BIC>AKBKDEFFXXX</BIC></FinInstnId></DbtrAgt><Dbtr><Nm>Macy Martinez</Nm></Dbtr><DbtrAcct><Id><IBAN>NL63AKBK0323522949</IBAN></Id></DbtrAcct><RmtInf><Ustrd>Automatische Betaling</Ustrd></RmtInf></DrctDbtTxInf><DrctDbtTxInf><PmtId><EndToEndId>xleeuwx-002bfdc7a166</EndToEndId></PmtId><InstdAmt Ccy="EUR">0.67</InstdAmt><DrctDbtTx><MndtRltdInf><MndtId>2558</MndtId><DtOfSgntr>2014-05-30</DtOfSgntr></MndtRltdInf></DrctDbtTx><DbtrAgt><FinInstnId><BIC>ESESBEBBIAC</BIC></FinInstnId></DbtrAgt><Dbtr><Nm>Carla Sanders</Nm></Dbtr><DbtrAcct><Id><IBAN>NL18ESES0335693359</IBAN></Id></DbtrAcct><RmtInf><Ustrd>Automatische Betaling</Ustrd></RmtInf></DrctDbtTxInf><DrctDbtTxInf><PmtId><EndToEndId>xleeuwx-b33d67e394cd</EndToEndId></PmtId><InstdAmt Ccy="EUR">0.75</InstdAmt><DrctDbtTx><MndtRltdInf><MndtId>1776</MndtId><DtOfSgntr>2014-05-30</DtOfSgntr></MndtRltdInf></DrctDbtTx><DbtrAgt><FinInstnId><BIC>AKBKDEFFXXX</BIC></FinInstnId></DbtrAgt><Dbtr><Nm>Kim Mcleod</Nm></Dbtr><DbtrAcct><Id><IBAN>NL17AKBK0358215332</IBAN></Id></DbtrAcct><RmtInf><Ustrd>Automatische Betaling</Ustrd></RmtInf></DrctDbtTxInf><DrctDbtTxInf><PmtId><EndToEndId>xleeuwx-dd5a370f194b</EndToEndId></PmtId><InstdAmt Ccy="EUR">0.11</InstdAmt><DrctDbtTx><MndtRltdInf><MndtId>4459</MndtId><DtOfSgntr>2014-05-30</DtOfSgntr></MndtRltdInf></DrctDbtTx><DbtrAgt><FinInstnId><BIC>ABPTNL2HAAA</BIC></FinInstnId></DbtrAgt><Dbtr><Nm>Melissa Mckay</Nm></Dbtr><DbtrAcct><Id><IBAN>NL15ABPT0447241211</IBAN></Id></DbtrAcct><RmtInf><Ustrd>Automatische Betaling</Ustrd></RmtInf></DrctDbtTxInf><DrctDbtTxInf><PmtId><EndToEndId>xleeuwx-75bf894a6d66</EndToEndId></PmtId><InstdAmt Ccy="EUR">0.76</InstdAmt><DrctDbtTx><MndtRltdInf><MndtId>3046</MndtId><DtOfSgntr>2014-05-30</DtOfSgntr></MndtRltdInf></DrctDbtTx><DbtrAgt><FinInstnId><BIC>TEBUNL2AXXX</BIC></FinInstnId></DbtrAgt><Dbtr><Nm>Sigourney Wilkerson</Nm></Dbtr><DbtrAcct><Id><IBAN>NL15TEBU0428283692</IBAN></Id></DbtrAcct><RmtInf><Ustrd>Automatische Betaling</Ustrd></RmtInf></DrctDbtTxInf><DrctDbtTxInf><PmtId><EndToEndId>xleeuwx-3b18ca84c779</EndToEndId></PmtId><InstdAmt Ccy="EUR">0.22</InstdAmt><DrctDbtTx><MndtRltdInf><MndtId>7063</MndtId><DtOfSgntr>2014-05-30</DtOfSgntr></MndtRltdInf></DrctDbtTx><DbtrAgt><FinInstnId><BIC>ABPTNL2HAAA</BIC></FinInstnId></DbtrAgt><Dbtr><Nm>Myles Bennett</Nm></Dbtr><DbtrAcct><Id><IBAN>NL90ABPT0182836914</IBAN></Id></DbtrAcct><RmtInf><Ustrd>Automatische Betaling</Ustrd></RmtInf></DrctDbtTxInf><DrctDbtTxInf><PmtId><EndToEndId>xleeuwx-361fb41414ab</EndToEndId></PmtId><InstdAmt Ccy="EUR">0.42</InstdAmt><DrctDbtTx><MndtRltdInf><MndtId>6760</MndtId><DtOfSgntr>2014-05-30</DtOfSgntr></MndtRltdInf></DrctDbtTx><DbtrAgt><FinInstnId><BIC>ESESBEBBIAC</BIC></FinInstnId></DbtrAgt><Dbtr><Nm>Skyler Merrill</Nm></Dbtr><DbtrAcct><Id><IBAN>NL41ESES0224963379</IBAN></Id></DbtrAcct><RmtInf><Ustrd>Automatische Betaling</Ustrd></RmtInf></DrctDbtTxInf><DrctDbtTxInf><PmtId><EndToEndId>xleeuwx-2c0dda279e42</EndToEndId></PmtId><InstdAmt Ccy="EUR">0.53</InstdAmt><DrctDbtTx><MndtRltdInf><MndtId>3797</MndtId><DtOfSgntr>2014-05-30</DtOfSgntr></MndtRltdInf></DrctDbtTx><DbtrAgt><FinInstnId><BIC>RGRBNL2RXXX</BIC></FinInstnId></DbtrAgt><Dbtr><Nm>Amir Kelly</Nm></Dbtr><DbtrAcct><Id><IBAN>NL33RGRB0206542969</IBAN></Id></DbtrAcct><RmtInf><Ustrd>Automatische Betaling</Ustrd></RmtInf></DrctDbtTxInf><DrctDbtTxInf><PmtId><EndToEndId>xleeuwx-eb462cfc9766</EndToEndId></PmtId><InstdAmt Ccy="EUR">0.35</InstdAmt><DrctDbtTx><MndtRltdInf><MndtId>327</MndtId><DtOfSgntr>2014-05-30</DtOfSgntr></MndtRltdInf></DrctDbtTx><DbtrAgt><FinInstnId><BIC>INGINL2GXXX</BIC></FinInstnId></DbtrAgt><Dbtr><Nm>Claudia Decker</Nm></Dbtr><DbtrAcct><Id><IBAN>NL87INGI0402819824</IBAN></Id></DbtrAcct><RmtInf><Ustrd>Automatische Betaling</Ustrd></RmtInf></DrctDbtTxInf><DrctDbtTxInf><PmtId><EndToEndId>xleeuwx-9365546dc18d</EndToEndId></PmtId><InstdAmt Ccy="EUR">0.98</InstdAmt><DrctDbtTx><MndtRltdInf><MndtId>8367</MndtId><DtOfSgntr>2014-05-30</DtOfSgntr></MndtRltdInf></DrctDbtTx><DbtrAgt><FinInstnId><BIC>ABPTNL2HAAA</BIC></FinInstnId></DbtrAgt><Dbtr><Nm>Xenos Head</Nm></Dbtr><DbtrAcct><Id><IBAN>NL49ABPT0133203125</IBAN></Id></DbtrAcct><RmtInf><Ustrd>Automatische Betaling</Ustrd></RmtInf></DrctDbtTxInf><DrctDbtTxInf><PmtId><EndToEndId>xleeuwx-e4726b66bda3</EndToEndId></PmtId><InstdAmt Ccy="EUR">0.97</InstdAmt><DrctDbtTx><MndtRltdInf><MndtId>3815</MndtId><DtOfSgntr>2014-05-30</DtOfSgntr></MndtRltdInf></DrctDbtTx><DbtrAgt><FinInstnId><BIC>ESESBEBBIAC</BIC></FinInstnId></DbtrAgt><Dbtr><Nm>Joy Weeks</Nm></Dbtr><DbtrAcct><Id><IBAN>NL46ESES0497717286</IBAN></Id></DbtrAcct><RmtInf><Ustrd>Automatische Betaling</Ustrd></RmtInf></DrctDbtTxInf><DrctDbtTxInf><PmtId><EndToEndId>xleeuwx-62138cdcc201</EndToEndId></PmtId><InstdAmt Ccy="EUR">0.30</InstdAmt><DrctDbtTx><MndtRltdInf><MndtId>8012</MndtId><DtOfSgntr>2014-05-30</DtOfSgntr></MndtRltdInf></DrctDbtTx><DbtrAgt><FinInstnId><BIC>OVBNNL22XXX</BIC></FinInstnId></DbtrAgt><Dbtr><Nm>Arthur Carson</Nm></Dbtr><DbtrAcct><Id><IBAN>NL40OVBN0175219726</IBAN></Id></DbtrAcct><RmtInf><Ustrd>Automatische Betaling</Ustrd></RmtInf></DrctDbtTxInf><DrctDbtTxInf><PmtId><EndToEndId>xleeuwx-5baec45a621b</EndToEndId></PmtId><InstdAmt Ccy="EUR">0.71</InstdAmt><DrctDbtTx><MndtRltdInf><MndtId>1196</MndtId><DtOfSgntr>2014-05-30</DtOfSgntr></MndtRltdInf></DrctDbtTx><DbtrAgt><FinInstnId><BIC>RGVMNL2RXXX</BIC></FinInstnId></DbtrAgt><Dbtr><Nm>Nell Norton</Nm></Dbtr><DbtrAcct><Id><IBAN>NL89RGVM0111633300</IBAN></Id></DbtrAcct><RmtInf><Ustrd>Automatische Betaling</Ustrd></RmtInf></DrctDbtTxInf><DrctDbtTxInf><PmtId><EndToEndId>xleeuwx-2ccae8a90923</EndToEndId></PmtId><InstdAmt Ccy="EUR">0.54</InstdAmt><DrctDbtTx><MndtRltdInf><MndtId>4751</MndtId><DtOfSgntr>2014-05-30</DtOfSgntr></MndtRltdInf></DrctDbtTx><DbtrAgt><FinInstnId><BIC>ECLNBEBBXXX</BIC></FinInstnId></DbtrAgt><Dbtr><Nm>Naomi Houston</Nm></Dbtr><DbtrAcct><Id><IBAN>NL86ECLN0463256836</IBAN></Id></DbtrAcct><RmtInf><Ustrd>Automatische Betaling</Ustrd></RmtInf></DrctDbtTxInf><DrctDbtTxInf><PmtId><EndToEndId>xleeuwx-6a8fc35903b9</EndToEndId></PmtId><InstdAmt Ccy="EUR">0.45</InstdAmt><DrctDbtTx><MndtRltdInf><MndtId>3599</MndtId><DtOfSgntr>2014-05-30</DtOfSgntr></MndtRltdInf></DrctDbtTx><DbtrAgt><FinInstnId><BIC>STALNL2GXXX</BIC></FinInstnId></DbtrAgt><Dbtr><Nm>Maryam Lawson</Nm></Dbtr><DbtrAcct><Id><IBAN>NL38STAL0491809083</IBAN></Id></DbtrAcct><RmtInf><Ustrd>Automatische Betaling</Ustrd></RmtInf></DrctDbtTxInf><DrctDbtTxInf><PmtId><EndToEndId>xleeuwx-e959084b4dda</EndToEndId></PmtId><InstdAmt Ccy="EUR">0.29</InstdAmt><DrctDbtTx><MndtRltdInf><MndtId>1634</MndtId><DtOfSgntr>2014-05-30</DtOfSgntr></MndtRltdInf></DrctDbtTx><DbtrAgt><FinInstnId><BIC>RABOBE22XXX</BIC></FinInstnId></DbtrAgt><Dbtr><Nm>Armando Knight</Nm></Dbtr><DbtrAcct><Id><IBAN>NL98RABO0224536133</IBAN></Id></DbtrAcct><RmtInf><Ustrd>Automatische Betaling</Ustrd></RmtInf></DrctDbtTxInf><DrctDbtTxInf><PmtId><EndToEndId>xleeuwx-4d9f228fb3c7</EndToEndId></PmtId><InstdAmt Ccy="EUR">0.25</InstdAmt><DrctDbtTx><MndtRltdInf><MndtId>2559</MndtId><DtOfSgntr>2014-05-30</DtOfSgntr></MndtRltdInf></DrctDbtTx><DbtrAgt><FinInstnId><BIC>ABNABEBRANT</BIC></FinInstnId></DbtrAgt><Dbtr><Nm>Maxine Henry</Nm></Dbtr><DbtrAcct><Id><IBAN>NL39ABNA0355163574</IBAN></Id></DbtrAcct><RmtInf><Ustrd>Automatische Betaling</Ustrd></RmtInf></DrctDbtTxInf><DrctDbtTxInf><PmtId><EndToEndId>xleeuwx-e1102d6b19c7</EndToEndId></PmtId><InstdAmt Ccy="EUR">0.60</InstdAmt><DrctDbtTx><MndtRltdInf><MndtId>10996</MndtId><DtOfSgntr>2014-05-30</DtOfSgntr></MndtRltdInf></DrctDbtTx><DbtrAgt><FinInstnId><BIC>CITIBEBXXXX</BIC></FinInstnId></DbtrAgt><Dbtr><Nm>Wilma Robertson</Nm></Dbtr><DbtrAcct><Id><IBAN>NL49CITI0290625000</IBAN></Id></DbtrAcct><RmtInf><Ustrd>Automatische Betaling</Ustrd></RmtInf></DrctDbtTxInf><DrctDbtTxInf><PmtId><EndToEndId>xleeuwx-5a20f9f8bc3d</EndToEndId></PmtId><InstdAmt Ccy="EUR">0.80</InstdAmt><DrctDbtTx><MndtRltdInf><MndtId>267</MndtId><DtOfSgntr>2014-05-30</DtOfSgntr></MndtRltdInf></DrctDbtTx><DbtrAgt><FinInstnId><BIC>SNSBNL2AXXX</BIC></FinInstnId></DbtrAgt><Dbtr><Nm>Rigel Roberts</Nm></Dbtr><DbtrAcct><Id><IBAN>NL29SNSB0299816895</IBAN></Id></DbtrAcct><RmtInf><Ustrd>Automatische Betaling</Ustrd></RmtInf></DrctDbtTxInf><DrctDbtTxInf><PmtId><EndToEndId>xleeuwx-ef04bcd3b97c</EndToEndId></PmtId><InstdAmt Ccy="EUR">0.43</InstdAmt><DrctDbtTx><MndtRltdInf><MndtId>7698</MndtId><DtOfSgntr>2014-05-30</DtOfSgntr></MndtRltdInf></DrctDbtTx><DbtrAgt><FinInstnId><BIC>LOYDBEBBXXX</BIC></FinInstnId></DbtrAgt><Dbtr><Nm>Angela Ortega</Nm></Dbtr><DbtrAcct><Id><IBAN>NL20LOYD0443066407</IBAN></Id></DbtrAcct><RmtInf><Ustrd>Automatische Betaling</Ustrd></RmtInf></DrctDbtTxInf><DrctDbtTxInf><PmtId><EndToEndId>xleeuwx-26c122449600</EndToEndId></PmtId><InstdAmt Ccy="EUR">0.28</InstdAmt><DrctDbtTx><MndtRltdInf><MndtId>6822</MndtId><DtOfSgntr>2014-05-30</DtOfSgntr></MndtRltdInf></DrctDbtTx><DbtrAgt><FinInstnId><BIC>INSINL2ANRA</BIC></FinInstnId></DbtrAgt><Dbtr><Nm>Fuller West</Nm></Dbtr><DbtrAcct><Id><IBAN>NL67INSI0408068848</IBAN></Id></DbtrAcct><RmtInf><Ustrd>Automatische Betaling</Ustrd></RmtInf></DrctDbtTxInf><DrctDbtTxInf><PmtId><EndToEndId>xleeuwx-ecb24b1e6b6d</EndToEndId></PmtId><InstdAmt Ccy="EUR">0.93</InstdAmt><DrctDbtTx><MndtRltdInf><MndtId>3384</MndtId><DtOfSgntr>2014-05-30</DtOfSgntr></MndtRltdInf></DrctDbtTx><DbtrAgt><FinInstnId><BIC>FTSBDEFFXXX</BIC></FinInstnId></DbtrAgt><Dbtr><Nm>Branden Clarke</Nm></Dbtr><DbtrAcct><Id><IBAN>NL42FTSB0208886719</IBAN></Id></DbtrAcct><RmtInf><Ustrd>Automatische Betaling</Ustrd></RmtInf></DrctDbtTxInf><DrctDbtTxInf><PmtId><EndToEndId>xleeuwx-5a15fd5c0363</EndToEndId></PmtId><InstdAmt Ccy="EUR">0.55</InstdAmt><DrctDbtTx><MndtRltdInf><MndtId>4477</MndtId><DtOfSgntr>2014-05-30</DtOfSgntr></MndtRltdInf></DrctDbtTx><DbtrAgt><FinInstnId><BIC>SCBLCNSXBJG</BIC></FinInstnId></DbtrAgt><Dbtr><Nm>Zachery Brock</Nm></Dbtr><DbtrAcct><Id><IBAN>NL69SCBL0365527344</IBAN></Id></DbtrAcct><RmtInf><Ustrd>Automatische Betaling</Ustrd></RmtInf></DrctDbtTxInf><DrctDbtTxInf><PmtId><EndToEndId>xleeuwx-da8bacd71b2a</EndToEndId></PmtId><InstdAmt Ccy="EUR">0.49</InstdAmt><DrctDbtTx><MndtRltdInf><MndtId>10731</MndtId><DtOfSgntr>2014-05-30</DtOfSgntr></MndtRltdInf></DrctDbtTx><DbtrAgt><FinInstnId><BIC>BBRUBEBB200</BIC></FinInstnId></DbtrAgt><Dbtr><Nm>Cally Haney</Nm></Dbtr><DbtrAcct><Id><IBAN>NL91BBRU0246911621</IBAN></Id></DbtrAcct><RmtInf><Ustrd>Automatische Betaling</Ustrd></RmtInf></DrctDbtTxInf><DrctDbtTxInf><PmtId><EndToEndId>xleeuwx-33709cc6e81b</EndToEndId></PmtId><InstdAmt Ccy="EUR">0.64</InstdAmt><DrctDbtTx><MndtRltdInf><MndtId>10893</MndtId><DtOfSgntr>2014-05-30</DtOfSgntr></MndtRltdInf></DrctDbtTx><DbtrAgt><FinInstnId><BIC>SCRTNL2AXXX</BIC></FinInstnId></DbtrAgt><Dbtr><Nm>Hollee Johnson</Nm></Dbtr><DbtrAcct><Id><IBAN>NL24SCRT0365185547</IBAN></Id></DbtrAcct><RmtInf><Ustrd>Automatische Betaling</Ustrd></RmtInf></DrctDbtTxInf><DrctDbtTxInf><PmtId><EndToEndId>xleeuwx-030375d214f5</EndToEndId></PmtId><InstdAmt Ccy="EUR">0.31</InstdAmt><DrctDbtTx><MndtRltdInf><MndtId>7696</MndtId><DtOfSgntr>2014-05-30</DtOfSgntr></MndtRltdInf></DrctDbtTx><DbtrAgt><FinInstnId><BIC>NECINL2AFEN</BIC></FinInstnId></DbtrAgt><Dbtr><Nm>Amery Barry</Nm></Dbtr><DbtrAcct><Id><IBAN>NL99NECI0413122559</IBAN></Id></DbtrAcct><RmtInf><Ustrd>Automatische Betaling</Ustrd></RmtInf></DrctDbtTxInf><DrctDbtTxInf><PmtId><EndToEndId>xleeuwx-3577b99539a8</EndToEndId></PmtId><InstdAmt Ccy="EUR">0.68</InstdAmt><DrctDbtTx><MndtRltdInf><MndtId>10384</MndtId><DtOfSgntr>2014-05-30</DtOfSgntr></MndtRltdInf></DrctDbtTx><DbtrAgt><FinInstnId><BIC>CITIBEBXXXX</BIC></FinInstnId></DbtrAgt><Dbtr><Nm>Kameko Albert</Nm></Dbtr><DbtrAcct><Id><IBAN>NL21CITI0222705078</IBAN></Id></DbtrAcct><RmtInf><Ustrd>Automatische Betaling</Ustrd></RmtInf></DrctDbtTxInf><DrctDbtTxInf><PmtId><EndToEndId>xleeuwx-fe435a95f57d</EndToEndId></PmtId><InstdAmt Ccy="EUR">0.69</InstdAmt><DrctDbtTx><MndtRltdInf><MndtId>766</MndtId><DtOfSgntr>2014-05-30</DtOfSgntr></MndtRltdInf></DrctDbtTx><DbtrAgt><FinInstnId><BIC>BOFSNL2AXXX</BIC></FinInstnId></DbtrAgt><Dbtr><Nm>Gary Myers</Nm></Dbtr><DbtrAcct><Id><IBAN>NL70BOFS0275744629</IBAN></Id></DbtrAcct><RmtInf><Ustrd>Automatische Betaling</Ustrd></RmtInf></DrctDbtTxInf><DrctDbtTxInf><PmtId><EndToEndId>xleeuwx-3e93db0fdcdc</EndToEndId></PmtId><InstdAmt Ccy="EUR">0.56</InstdAmt><DrctDbtTx><MndtRltdInf><MndtId>6175</MndtId><DtOfSgntr>2014-05-30</DtOfSgntr></MndtRltdInf></DrctDbtTx><DbtrAgt><FinInstnId><BIC>GILLNL2AXXX</BIC></FinInstnId></DbtrAgt><Dbtr><Nm>Rama Rowland</Nm></Dbtr><DbtrAcct><Id><IBAN>NL62GILL0368945313</IBAN></Id></DbtrAcct><RmtInf><Ustrd>Automatische Betaling</Ustrd></RmtInf></DrctDbtTxInf><DrctDbtTxInf><PmtId><EndToEndId>xleeuwx-94d0fd811f92</EndToEndId></PmtId><InstdAmt Ccy="EUR">0.79</InstdAmt><DrctDbtTx><MndtRltdInf><MndtId>212</MndtId><DtOfSgntr>2014-05-30</DtOfSgntr></MndtRltdInf></DrctDbtTx><DbtrAgt><FinInstnId><BIC>BKMGNL2AXXX</BIC></FinInstnId></DbtrAgt><Dbtr><Nm>Brittany Brown</Nm></Dbtr><DbtrAcct><Id><IBAN>NL18BKMG0157873535</IBAN></Id></DbtrAcct><RmtInf><Ustrd>Automatische Betaling</Ustrd></RmtInf></DrctDbtTxInf><DrctDbtTxInf><PmtId><EndToEndId>xleeuwx-b925f29a65b2</EndToEndId></PmtId><InstdAmt Ccy="EUR">0.88</InstdAmt><DrctDbtTx><MndtRltdInf><MndtId>6644</MndtId><DtOfSgntr>2014-05-30</DtOfSgntr></MndtRltdInf></DrctDbtTx><DbtrAgt><FinInstnId><BIC>AMSTNL2AXXX</BIC></FinInstnId></DbtrAgt><Dbtr><Nm>Sigourney Berry</Nm></Dbtr><DbtrAcct><Id><IBAN>NL42AMST0238232422</IBAN></Id></DbtrAcct><RmtInf><Ustrd>Automatische Betaling</Ustrd></RmtInf></DrctDbtTxInf><DrctDbtTxInf><PmtId><EndToEndId>xleeuwx-08ba8c313506</EndToEndId></PmtId><InstdAmt Ccy="EUR">0.14</InstdAmt><DrctDbtTx><MndtRltdInf><MndtId>6335</MndtId><DtOfSgntr>2014-05-30</DtOfSgntr></MndtRltdInf></DrctDbtTx><DbtrAgt><FinInstnId><BIC>CITIBEBXXXX</BIC></FinInstnId></DbtrAgt><Dbtr><Nm>Cheyenne Watkins</Nm></Dbtr><DbtrAcct><Id><IBAN>NL38CITI0152624511</IBAN></Id></DbtrAcct><RmtInf><Ustrd>Automatische Betaling</Ustrd></RmtInf></DrctDbtTxInf><DrctDbtTxInf><PmtId><EndToEndId>xleeuwx-ea0ef77fd301</EndToEndId></PmtId><InstdAmt Ccy="EUR">0.33</InstdAmt><DrctDbtTx><MndtRltdInf><MndtId>577</MndtId><DtOfSgntr>2014-05-30</DtOfSgntr></MndtRltdInf></DrctDbtTx><DbtrAgt><FinInstnId><BIC>ABNABEBRANT</BIC></FinInstnId></DbtrAgt><Dbtr><Nm>Nathan Dickson</Nm></Dbtr><DbtrAcct><Id><IBAN>NL28ABNA0327343750</IBAN></Id></DbtrAcct><RmtInf><Ustrd>Automatische Betaling</Ustrd></RmtInf></DrctDbtTxInf><DrctDbtTxInf><PmtId><EndToEndId>xleeuwx-6626c22741a1</EndToEndId></PmtId><InstdAmt Ccy="EUR">0.41</InstdAmt><DrctDbtTx><MndtRltdInf><MndtId>6715</MndtId><DtOfSgntr>2014-05-30</DtOfSgntr></MndtRltdInf></DrctDbtTx><DbtrAgt><FinInstnId><BIC>STOLNL2AXXX</BIC></FinInstnId></DbtrAgt><Dbtr><Nm>Bernard Dunn</Nm></Dbtr><DbtrAcct><Id><IBAN>NL34STOL0390808106</IBAN></Id></DbtrAcct><RmtInf><Ustrd>Automatische Betaling</Ustrd></RmtInf></DrctDbtTxInf><DrctDbtTxInf><PmtId><EndToEndId>xleeuwx-705f8fd954a2</EndToEndId></PmtId><InstdAmt Ccy="EUR">0.60</InstdAmt><DrctDbtTx><MndtRltdInf><MndtId>9415</MndtId><DtOfSgntr>2014-05-30</DtOfSgntr></MndtRltdInf></DrctDbtTx><DbtrAgt><FinInstnId><BIC>AKBKDEFFXXX</BIC></FinInstnId></DbtrAgt><Dbtr><Nm>Kimberly Meadows</Nm></Dbtr><DbtrAcct><Id><IBAN>NL22AKBK0295727539</IBAN></Id></DbtrAcct><RmtInf><Ustrd>Automatische Betaling</Ustrd></RmtInf></DrctDbtTxInf><DrctDbtTxInf><PmtId><EndToEndId>xleeuwx-df8c51137444</EndToEndId></PmtId><InstdAmt Ccy="EUR">0.11</InstdAmt><DrctDbtTx><MndtRltdInf><MndtId>6468</MndtId><DtOfSgntr>2014-05-30</DtOfSgntr></MndtRltdInf></DrctDbtTx><DbtrAgt><FinInstnId><BIC>KREDBEBB250</BIC></FinInstnId></DbtrAgt><Dbtr><Nm>Blaine Fuller</Nm></Dbtr><DbtrAcct><Id><IBAN>NL41KRED0429626465</IBAN></Id></DbtrAcct><RmtInf><Ustrd>Automatische Betaling</Ustrd></RmtInf></DrctDbtTxInf><DrctDbtTxInf><PmtId><EndToEndId>xleeuwx-5dc39397589a</EndToEndId></PmtId><InstdAmt Ccy="EUR">0.49</InstdAmt><DrctDbtTx><MndtRltdInf><MndtId>7505</MndtId><DtOfSgntr>2014-05-30</DtOfSgntr></MndtRltdInf></DrctDbtTx><DbtrAgt><FinInstnId><BIC>JBBRDEFFXXX</BIC></FinInstnId></DbtrAgt><Dbtr><Nm>Colby Edwards</Nm></Dbtr><DbtrAcct><Id><IBAN>NL18JBBR0337133789</IBAN></Id></DbtrAcct><RmtInf><Ustrd>Automatische Betaling</Ustrd></RmtInf></DrctDbtTxInf><DrctDbtTxInf><PmtId><EndToEndId>xleeuwx-3137a67eab68</EndToEndId></PmtId><InstdAmt Ccy="EUR">0.23</InstdAmt><DrctDbtTx><MndtRltdInf><MndtId>3486</MndtId><DtOfSgntr>2014-05-30</DtOfSgntr></MndtRltdInf></DrctDbtTx><DbtrAgt><FinInstnId><BIC>SBNLNL2AXXX</BIC></FinInstnId></DbtrAgt><Dbtr><Nm>Dakota Orr</Nm></Dbtr><DbtrAcct><Id><IBAN>NL31SBNL0465881348</IBAN></Id></DbtrAcct><RmtInf><Ustrd>Automatische Betaling</Ustrd></RmtInf></DrctDbtTxInf><DrctDbtTxInf><PmtId><EndToEndId>xleeuwx-bb75bf6c2fd8</EndToEndId></PmtId><InstdAmt Ccy="EUR">0.28</InstdAmt><DrctDbtTx><MndtRltdInf><MndtId>7351</MndtId><DtOfSgntr>2014-05-30</DtOfSgntr></MndtRltdInf></DrctDbtTx><DbtrAgt><FinInstnId><BIC>FLORNL2AAMD</BIC></FinInstnId></DbtrAgt><Dbtr><Nm>Plato Allen</Nm></Dbtr><DbtrAcct><Id><IBAN>NL42FLOR0146630859</IBAN></Id></DbtrAcct><RmtInf><Ustrd>Automatische Betaling</Ustrd></RmtInf></DrctDbtTxInf><DrctDbtTxInf><PmtId><EndToEndId>xleeuwx-1a554fdade66</EndToEndId></PmtId><InstdAmt Ccy="EUR">0.65</InstdAmt><DrctDbtTx><MndtRltdInf><MndtId>7696</MndtId><DtOfSgntr>2014-05-30</DtOfSgntr></MndtRltdInf></DrctDbtTx><DbtrAgt><FinInstnId><BIC>KOEXCNSHXXX</BIC></FinInstnId></DbtrAgt><Dbtr><Nm>Blossom Shepard</Nm></Dbtr><DbtrAcct><Id><IBAN>NL47KOEX0321716309</IBAN></Id></DbtrAcct><RmtInf><Ustrd>Automatische Betaling</Ustrd></RmtInf></DrctDbtTxInf><DrctDbtTxInf><PmtId><EndToEndId>xleeuwx-979677d9f6f1</EndToEndId></PmtId><InstdAmt Ccy="EUR">0.96</InstdAmt><DrctDbtTx><MndtRltdInf><MndtId>1863</MndtId><DtOfSgntr>2014-05-30</DtOfSgntr></MndtRltdInf></DrctDbtTx><DbtrAgt><FinInstnId><BIC>BOUNNL2AXXX</BIC></FinInstnId></DbtrAgt><Dbtr><Nm>Whoopi Hinton</Nm></Dbtr><DbtrAcct><Id><IBAN>NL95BOUN0338964844</IBAN></Id></DbtrAcct><RmtInf><Ustrd>Automatische Betaling</Ustrd></RmtInf></DrctDbtTxInf><DrctDbtTxInf><PmtId><EndToEndId>xleeuwx-f1e20870512e</EndToEndId></PmtId><InstdAmt Ccy="EUR">0.13</InstdAmt><DrctDbtTx><MndtRltdInf><MndtId>5305</MndtId><DtOfSgntr>2014-05-30</DtOfSgntr></MndtRltdInf></DrctDbtTx><DbtrAgt><FinInstnId><BIC>INGBCNSHXXX</BIC></FinInstnId></DbtrAgt><Dbtr><Nm>Hadassah Rivers</Nm></Dbtr><DbtrAcct><Id><IBAN>NL57INGB0337707520</IBAN></Id></DbtrAcct><RmtInf><Ustrd>Automatische Betaling</Ustrd></RmtInf></DrctDbtTxInf><DrctDbtTxInf><PmtId><EndToEndId>xleeuwx-f7fc351e6885</EndToEndId></PmtId><InstdAmt Ccy="EUR">0.14</InstdAmt><DrctDbtTx><MndtRltdInf><MndtId>5609</MndtId><DtOfSgntr>2014-05-30</DtOfSgntr></MndtRltdInf></DrctDbtTx><DbtrAgt><FinInstnId><BIC>FLORNL2AAMD</BIC></FinInstnId></DbtrAgt><Dbtr><Nm>Kalia Blackburn</Nm></Dbtr><DbtrAcct><Id><IBAN>NL15FLOR0402880860</IBAN></Id></DbtrAcct><RmtInf><Ustrd>Automatische Betaling</Ustrd></RmtInf></DrctDbtTxInf><DrctDbtTxInf><PmtId><EndToEndId>xleeuwx-7b628fd2a90b</EndToEndId></PmtId><InstdAmt Ccy="EUR">0.36</InstdAmt><DrctDbtTx><MndtRltdInf><MndtId>51</MndtId><DtOfSgntr>2014-05-30</DtOfSgntr></MndtRltdInf></DrctDbtTx><DbtrAgt><FinInstnId><BIC>CITIBEBXXXX</BIC></FinInstnId></DbtrAgt><Dbtr><Nm>Christen Logan</Nm></Dbtr><DbtrAcct><Id><IBAN>NL30CITI0400744629</IBAN></Id></DbtrAcct><RmtInf><Ustrd>Automatische Betaling</Ustrd></RmtInf></DrctDbtTxInf><DrctDbtTxInf><PmtId><EndToEndId>xleeuwx-d3aefdc900f9</EndToEndId></PmtId><InstdAmt Ccy="EUR">0.89</InstdAmt><DrctDbtTx><MndtRltdInf><MndtId>8061</MndtId><DtOfSgntr>2014-05-30</DtOfSgntr></MndtRltdInf></DrctDbtTx><DbtrAgt><FinInstnId><BIC>DNIBNL2GRM1</BIC></FinInstnId></DbtrAgt><Dbtr><Nm>Denton Holmes</Nm></Dbtr><DbtrAcct><Id><IBAN>NL40DNIB0355541992</IBAN></Id></DbtrAcct><RmtInf><Ustrd>Automatische Betaling</Ustrd></RmtInf></DrctDbtTxInf><DrctDbtTxInf><PmtId><EndToEndId>xleeuwx-039cf76c6402</EndToEndId></PmtId><InstdAmt Ccy="EUR">0.66</InstdAmt><DrctDbtTx><MndtRltdInf><MndtId>10455</MndtId><DtOfSgntr>2014-05-30</DtOfSgntr></MndtRltdInf></DrctDbtTx><DbtrAgt><FinInstnId><BIC>DNIBNL2GRM1</BIC></FinInstnId></DbtrAgt><Dbtr><Nm>Medge Whitaker</Nm></Dbtr><DbtrAcct><Id><IBAN>NL49DNIB0425524903</IBAN></Id></DbtrAcct><RmtInf><Ustrd>Automatische Betaling</Ustrd></RmtInf></DrctDbtTxInf><DrctDbtTxInf><PmtId><EndToEndId>xleeuwx-d2f08ffac700</EndToEndId></PmtId><InstdAmt Ccy="EUR">0.45</InstdAmt><DrctDbtTx><MndtRltdInf><MndtId>3846</MndtId><DtOfSgntr>2014-05-30</DtOfSgntr></MndtRltdInf></DrctDbtTx><DbtrAgt><FinInstnId><BIC>NECINL2AFEN</BIC></FinInstnId></DbtrAgt><Dbtr><Nm>Hedwig Richard</Nm></Dbtr><DbtrAcct><Id><IBAN>NL67NECI0112182617</IBAN></Id></DbtrAcct><RmtInf><Ustrd>Automatische Betaling</Ustrd></RmtInf></DrctDbtTxInf><DrctDbtTxInf><PmtId><EndToEndId>xleeuwx-8786ffe5e196</EndToEndId></PmtId><InstdAmt Ccy="EUR">0.80</InstdAmt><DrctDbtTx><MndtRltdInf><MndtId>1065</MndtId><DtOfSgntr>2014-05-30</DtOfSgntr></MndtRltdInf></DrctDbtTx><DbtrAgt><FinInstnId><BIC>RABOBE22XXX</BIC></FinInstnId></DbtrAgt><Dbtr><Nm>Michelle Compton</Nm></Dbtr><DbtrAcct><Id><IBAN>NL62RABO0206140136</IBAN></Id></DbtrAcct><RmtInf><Ustrd>Automatische Betaling</Ustrd></RmtInf></DrctDbtTxInf><DrctDbtTxInf><PmtId><EndToEndId>xleeuwx-b1d948d1e3b2</EndToEndId></PmtId><InstdAmt Ccy="EUR">0.75</InstdAmt><DrctDbtTx><MndtRltdInf><MndtId>1001</MndtId><DtOfSgntr>2014-05-30</DtOfSgntr></MndtRltdInf></DrctDbtTx><DbtrAgt><FinInstnId><BIC>ABNABEBRANT</BIC></FinInstnId></DbtrAgt><Dbtr><Nm>Eden Lindsey</Nm></Dbtr><DbtrAcct><Id><IBAN>NL75ABNA0144555664</IBAN></Id></DbtrAcct><RmtInf><Ustrd>Automatische Betaling</Ustrd></RmtInf></DrctDbtTxInf><DrctDbtTxInf><PmtId><EndToEndId>xleeuwx-f7e7034406e9</EndToEndId></PmtId><InstdAmt Ccy="EUR">0.90</InstdAmt><DrctDbtTx><MndtRltdInf><MndtId>715</MndtId><DtOfSgntr>2014-05-30</DtOfSgntr></MndtRltdInf></DrctDbtTx><DbtrAgt><FinInstnId><BIC>BVHLNL2AXXX</BIC></FinInstnId></DbtrAgt><Dbtr><Nm>Abigail Nixon</Nm></Dbtr><DbtrAcct><Id><IBAN>NL10BVHL0111169433</IBAN></Id></DbtrAcct><RmtInf><Ustrd>Automatische Betaling</Ustrd></RmtInf></DrctDbtTxInf><DrctDbtTxInf><PmtId><EndToEndId>xleeuwx-2723d7257cd1</EndToEndId></PmtId><InstdAmt Ccy="EUR">0.18</InstdAmt><DrctDbtTx><MndtRltdInf><MndtId>7218</MndtId><DtOfSgntr>2014-05-30</DtOfSgntr></MndtRltdInf></DrctDbtTx><DbtrAgt><FinInstnId><BIC>HABBBEBBXXX</BIC></FinInstnId></DbtrAgt><Dbtr><Nm>Mari Atkinson</Nm></Dbtr><DbtrAcct><Id><IBAN>NL20HABB0488867188</IBAN></Id></DbtrAcct><RmtInf><Ustrd>Automatische Betaling</Ustrd></RmtInf></DrctDbtTxInf><DrctDbtTxInf><PmtId><EndToEndId>xleeuwx-038b0fe16d70</EndToEndId></PmtId><InstdAmt Ccy="EUR">0.75</InstdAmt><DrctDbtTx><MndtRltdInf><MndtId>768</MndtId><DtOfSgntr>2014-05-30</DtOfSgntr></MndtRltdInf></DrctDbtTx><DbtrAgt><FinInstnId><BIC>FTSBDEFFXXX</BIC></FinInstnId></DbtrAgt><Dbtr><Nm>Allen Witt</Nm></Dbtr><DbtrAcct><Id><IBAN>NL91FTSB0196105957</IBAN></Id></DbtrAcct><RmtInf><Ustrd>Automatische Betaling</Ustrd></RmtInf></DrctDbtTxInf><DrctDbtTxInf><PmtId><EndToEndId>xleeuwx-2a16bbae6cf3</EndToEndId></PmtId><InstdAmt Ccy="EUR">0.19</InstdAmt><DrctDbtTx><MndtRltdInf><MndtId>5093</MndtId><DtOfSgntr>2014-05-30</DtOfSgntr></MndtRltdInf></DrctDbtTx><DbtrAgt><FinInstnId><BIC>ROCHNL22XXX</BIC></FinInstnId></DbtrAgt><Dbtr><Nm>Katelyn Workman</Nm></Dbtr><DbtrAcct><Id><IBAN>NL68ROCH0413452149</IBAN></Id></DbtrAcct><RmtInf><Ustrd>Automatische Betaling</Ustrd></RmtInf></DrctDbtTxInf><DrctDbtTxInf><PmtId><EndToEndId>xleeuwx-fb71965f8362</EndToEndId></PmtId><InstdAmt Ccy="EUR">0.40</InstdAmt><DrctDbtTx><MndtRltdInf><MndtId>7369</MndtId><DtOfSgntr>2014-05-30</DtOfSgntr></MndtRltdInf></DrctDbtTx><DbtrAgt><FinInstnId><BIC>NECINL2AFEN</BIC></FinInstnId></DbtrAgt><Dbtr><Nm>John Murray</Nm></Dbtr><DbtrAcct><Id><IBAN>NL47NECI0167858886</IBAN></Id></DbtrAcct><RmtInf><Ustrd>Automatische Betaling</Ustrd></RmtInf></DrctDbtTxInf><DrctDbtTxInf><PmtId><EndToEndId>xleeuwx-b1c4d05203a9</EndToEndId></PmtId><InstdAmt Ccy="EUR">0.74</InstdAmt><DrctDbtTx><MndtRltdInf><MndtId>4380</MndtId><DtOfSgntr>2014-05-30</DtOfSgntr></MndtRltdInf></DrctDbtTx><DbtrAgt><FinInstnId><BIC>CITIBEBXXXX</BIC></FinInstnId></DbtrAgt><Dbtr><Nm>Nomlanga Meyer</Nm></Dbtr><DbtrAcct><Id><IBAN>NL60CITI0439013672</IBAN></Id></DbtrAcct><RmtInf><Ustrd>Automatische Betaling</Ustrd></RmtInf></DrctDbtTxInf><DrctDbtTxInf><PmtId><EndToEndId>xleeuwx-237a0bdca4c1</EndToEndId></PmtId><InstdAmt Ccy="EUR">0.92</InstdAmt><DrctDbtTx><MndtRltdInf><MndtId>5693</MndtId><DtOfSgntr>2014-05-30</DtOfSgntr></MndtRltdInf></DrctDbtTx><DbtrAgt><FinInstnId><BIC>DHBNBEBBXXX</BIC></FinInstnId></DbtrAgt><Dbtr><Nm>Mara Gonzalez</Nm></Dbtr><DbtrAcct><Id><IBAN>NL24DHBN0203820801</IBAN></Id></DbtrAcct><RmtInf><Ustrd>Automatische Betaling</Ustrd></RmtInf></DrctDbtTxInf><DrctDbtTxInf><PmtId><EndToEndId>xleeuwx-6038e61ab357</EndToEndId></PmtId><InstdAmt Ccy="EUR">0.44</InstdAmt><DrctDbtTx><MndtRltdInf><MndtId>6241</MndtId><DtOfSgntr>2014-05-30</DtOfSgntr></MndtRltdInf></DrctDbtTx><DbtrAgt><FinInstnId><BIC>NECINL2AFEN</BIC></FinInstnId></DbtrAgt><Dbtr><Nm>Mercedes Payne</Nm></Dbtr><DbtrAcct><Id><IBAN>NL11NECI0303320313</IBAN></Id></DbtrAcct><RmtInf><Ustrd>Automatische Betaling</Ustrd></RmtInf></DrctDbtTxInf><DrctDbtTxInf><PmtId><EndToEndId>xleeuwx-16dc35ed9718</EndToEndId></PmtId><InstdAmt Ccy="EUR">0.10</InstdAmt><DrctDbtTx><MndtRltdInf><MndtId>1196</MndtId><DtOfSgntr>2014-05-30</DtOfSgntr></MndtRltdInf></DrctDbtTx><DbtrAgt><FinInstnId><BIC>ARTENL2AAMS</BIC></FinInstnId></DbtrAgt><Dbtr><Nm>Philip Carr</Nm></Dbtr><DbtrAcct><Id><IBAN>NL79ARTE0270959473</IBAN></Id></DbtrAcct><RmtInf><Ustrd>Automatische Betaling</Ustrd></RmtInf></DrctDbtTxInf><DrctDbtTxInf><PmtId><EndToEndId>xleeuwx-f208c1b5338b</EndToEndId></PmtId><InstdAmt Ccy="EUR">0.17</InstdAmt><DrctDbtTx><MndtRltdInf><MndtId>490</MndtId><DtOfSgntr>2014-05-30</DtOfSgntr></MndtRltdInf></DrctDbtTx><DbtrAgt><FinInstnId><BIC>INGBCNSHXXX</BIC></FinInstnId></DbtrAgt><Dbtr><Nm>Bethany Wallace</Nm></Dbtr><DbtrAcct><Id><IBAN>NL77INGB0113842773</IBAN></Id></DbtrAcct><RmtInf><Ustrd>Automatische Betaling</Ustrd></RmtInf></DrctDbtTxInf><DrctDbtTxInf><PmtId><EndToEndId>xleeuwx-0326a27a37c8</EndToEndId></PmtId><InstdAmt Ccy="EUR">0.11</InstdAmt><DrctDbtTx><MndtRltdInf><MndtId>5869</MndtId><DtOfSgntr>2014-05-30</DtOfSgntr></MndtRltdInf></DrctDbtTx><DbtrAgt><FinInstnId><BIC>NECINL2AFEN</BIC></FinInstnId></DbtrAgt><Dbtr><Nm>Prescott Rowe</Nm></Dbtr><DbtrAcct><Id><IBAN>NL58NECI0481555176</IBAN></Id></DbtrAcct><RmtInf><Ustrd>Automatische Betaling</Ustrd></RmtInf></DrctDbtTxInf><DrctDbtTxInf><PmtId><EndToEndId>xleeuwx-3ef10209847d</EndToEndId></PmtId><InstdAmt Ccy="EUR">0.49</InstdAmt><DrctDbtTx><MndtRltdInf><MndtId>6852</MndtId><DtOfSgntr>2014-05-30</DtOfSgntr></MndtRltdInf></DrctDbtTx><DbtrAgt><FinInstnId><BIC>STOLNL2AXXX</BIC></FinInstnId></DbtrAgt><Dbtr><Nm>Chaney Gill</Nm></Dbtr><DbtrAcct><Id><IBAN>NL45STOL0233300781</IBAN></Id></DbtrAcct><RmtInf><Ustrd>Automatische Betaling</Ustrd></RmtInf></DrctDbtTxInf><DrctDbtTxInf><PmtId><EndToEndId>xleeuwx-32bb96f60161</EndToEndId></PmtId><InstdAmt Ccy="EUR">0.94</InstdAmt><DrctDbtTx><MndtRltdInf><MndtId>2478</MndtId><DtOfSgntr>2014-05-30</DtOfSgntr></MndtRltdInf></DrctDbtTx><DbtrAgt><FinInstnId><BIC>FLORNL2AAMD</BIC></FinInstnId></DbtrAgt><Dbtr><Nm>Noel Cannon</Nm></Dbtr><DbtrAcct><Id><IBAN>NL66FLOR0257775879</IBAN></Id></DbtrAcct><RmtInf><Ustrd>Automatische Betaling</Ustrd></RmtInf></DrctDbtTxInf><DrctDbtTxInf><PmtId><EndToEndId>xleeuwx-228d3a726fe4</EndToEndId></PmtId><InstdAmt Ccy="EUR">1.00</InstdAmt><DrctDbtTx><MndtRltdInf><MndtId>6204</MndtId><DtOfSgntr>2014-05-30</DtOfSgntr></MndtRltdInf></DrctDbtTx><DbtrAgt><FinInstnId><BIC>INGBCNSHXXX</BIC></FinInstnId></DbtrAgt><Dbtr><Nm>Evelyn Lopez</Nm></Dbtr><DbtrAcct><Id><IBAN>NL89INGB0417529297</IBAN></Id></DbtrAcct><RmtInf><Ustrd>Automatische Betaling</Ustrd></RmtInf></DrctDbtTxInf><DrctDbtTxInf><PmtId><EndToEndId>xleeuwx-dfff5cae9af4</EndToEndId></PmtId><InstdAmt Ccy="EUR">0.31</InstdAmt><DrctDbtTx><MndtRltdInf><MndtId>7828</MndtId><DtOfSgntr>2014-05-30</DtOfSgntr></MndtRltdInf></DrctDbtTx><DbtrAgt><FinInstnId><BIC>AKBKDEFFXXX</BIC></FinInstnId></DbtrAgt><Dbtr><Nm>Sean Cox</Nm></Dbtr><DbtrAcct><Id><IBAN>NL54AKBK0431359864</IBAN></Id></DbtrAcct><RmtInf><Ustrd>Automatische Betaling</Ustrd></RmtInf></DrctDbtTxInf><DrctDbtTxInf><PmtId><EndToEndId>xleeuwx-274175d968e1</EndToEndId></PmtId><InstdAmt Ccy="EUR">0.80</InstdAmt><DrctDbtTx><MndtRltdInf><MndtId>3832</MndtId><DtOfSgntr>2014-05-30</DtOfSgntr></MndtRltdInf></DrctDbtTx><DbtrAgt><FinInstnId><BIC>BFOFNL2RXXX</BIC></FinInstnId></DbtrAgt><Dbtr><Nm>Martena Horne</Nm></Dbtr><DbtrAcct><Id><IBAN>NL78BFOF0105273437</IBAN></Id></DbtrAcct><RmtInf><Ustrd>Automatische Betaling</Ustrd></RmtInf></DrctDbtTxInf><DrctDbtTxInf><PmtId><EndToEndId>xleeuwx-b8523aa082e8</EndToEndId></PmtId><InstdAmt Ccy="EUR">0.67</InstdAmt><DrctDbtTx><MndtRltdInf><MndtId>3997</MndtId><DtOfSgntr>2014-05-30</DtOfSgntr></MndtRltdInf></DrctDbtTx><DbtrAgt><FinInstnId><BIC>INGBCNSHXXX</BIC></FinInstnId></DbtrAgt><Dbtr><Nm>Gabriel Farrell</Nm></Dbtr><DbtrAcct><Id><IBAN>NL68INGB0225622558</IBAN></Id></DbtrAcct><RmtInf><Ustrd>Automatische Betaling</Ustrd></RmtInf></DrctDbtTxInf><DrctDbtTxInf><PmtId><EndToEndId>xleeuwx-0f273a65a6c3</EndToEndId></PmtId><InstdAmt Ccy="EUR">0.75</InstdAmt><DrctDbtTx><MndtRltdInf><MndtId>4677</MndtId><DtOfSgntr>2014-05-30</DtOfSgntr></MndtRltdInf></DrctDbtTx><DbtrAgt><FinInstnId><BIC>ARBNNL22XXX</BIC></FinInstnId></DbtrAgt><Dbtr><Nm>Colt Silva</Nm></Dbtr><DbtrAcct><Id><IBAN>NL68ARBN0195214843</IBAN></Id></DbtrAcct><RmtInf><Ustrd>Automatische Betaling</Ustrd></RmtInf></DrctDbtTxInf><DrctDbtTxInf><PmtId><EndToEndId>xleeuwx-50a6e5e2d3e7</EndToEndId></PmtId><InstdAmt Ccy="EUR">0.22</InstdAmt><DrctDbtTx><MndtRltdInf><MndtId>1601</MndtId><DtOfSgntr>2014-05-30</DtOfSgntr></MndtRltdInf></DrctDbtTx><DbtrAgt><FinInstnId><BIC>INNDNL2UDDE</BIC></FinInstnId></DbtrAgt><Dbtr><Nm>Steel Hall</Nm></Dbtr><DbtrAcct><Id><IBAN>NL81INND0442028809</IBAN></Id></DbtrAcct><RmtInf><Ustrd>Automatische Betaling</Ustrd></RmtInf></DrctDbtTxInf><DrctDbtTxInf><PmtId><EndToEndId>xleeuwx-1bf03edf8eaf</EndToEndId></PmtId><InstdAmt Ccy="EUR">0.41</InstdAmt><DrctDbtTx><MndtRltdInf><MndtId>10588</MndtId><DtOfSgntr>2014-05-30</DtOfSgntr></MndtRltdInf></DrctDbtTx><DbtrAgt><FinInstnId><BIC>AMTSNL2AXXX</BIC></FinInstnId></DbtrAgt><Dbtr><Nm>Serena Harris</Nm></Dbtr><DbtrAcct><Id><IBAN>NL17AMTS0151049804</IBAN></Id></DbtrAcct><RmtInf><Ustrd>Automatische Betaling</Ustrd></RmtInf></DrctDbtTxInf><DrctDbtTxInf><PmtId><EndToEndId>xleeuwx-377b6310f1a5</EndToEndId></PmtId><InstdAmt Ccy="EUR">0.27</InstdAmt><DrctDbtTx><MndtRltdInf><MndtId>4034</MndtId><DtOfSgntr>2014-05-30</DtOfSgntr></MndtRltdInf></DrctDbtTx><DbtrAgt><FinInstnId><BIC>DHBNBEBBXXX</BIC></FinInstnId></DbtrAgt><Dbtr><Nm>Tatiana Schneider</Nm></Dbtr><DbtrAcct><Id><IBAN>NL11DHBN0277917480</IBAN></Id></DbtrAcct><RmtInf><Ustrd>Automatische Betaling</Ustrd></RmtInf></DrctDbtTxInf></PmtInf></CstmrDrctDbtInitn></Document>
